,address,comment,date
0,0x09750ad360fdb7a2ee23669c4503c974d86d8694,XRP phishing website (ripple.com.pt) this wallet collects funds from malicious wallets,2020-11-17
1,0xc915eC7f4CFD1C0A8Aba090F03BfaAb588aEF9B4,XRP phishing website (ripple.com.pt) that got exchanged to ETH through Coinswitch,2020-11-14
2,0xecb6ffaC05D8b4660b99B475B359FE454c77D153,XRP phishing website (ripple.com.pt) that got exchanged to ETH through Coinswitch,2020-11-14
3,0x7F85A82a2da50540412F6E526F1D00A0690a77B8,XRP phishing website (ripple.com.pt) that got exchanged to ETH through Coinswitch,2020-11-14
4,0xBc8b85b1515E45Fb2d74333310A1d37B879732c0,XRP phishing website (ripple.com.pt) that got exchanged to ETH through Coinswitch,2020-11-14
5,0xBBF84F9b823c42896c9723C0BE4D5f5eDe257b52,XRP phishing website (ripple.com.pt) that got exchanged to ETH through Coinswitch,2020-11-14
6,0xD5cE086A9d4987Adf088889A520De98299E10bb5,XRP phishing website (ripple.com.pt) that got exchanged to ETH through Coinswitch,2020-11-14
7,0x6B5C35d525D2d94c68Ab5c5AF9729092fc8771Dd,XRP phishing website (ripple.com.pt) that got exchanged to ETH through Coinswitch,2020-11-14
8,0x4541c7745c82DF8c10bD4A58e28161534B353064,XRP phishing website (ripple.com.pt) that got exchanged to ETH through Coinswitch,2020-11-14
9,0x0a00Fb2e074Ffaaf6c561164C6458b5C448120FC,XRP phishing website (ripple.com.pt) that got exchanged to ETH through Coinswitch,2020-11-14
10,0x3A3999e6501e2a36dD3C0B8Fc2Bd165fc4a22e54,XRP phishing website (ripple.com.pt) that got exchanged to ETH through Coinswitch,2020-11-14
11,0x39F3E7fA18d342De467AD9d7065A46c8385589F7,XRP phishing website (ripple.com.pt) that got exchanged to ETH through Coinswitch,2020-11-14
12,0x439cB5628e64677c540A8635c86e41D83C1170d5,XRP phishing website (ripple.com.pt) that got exchanged to ETH through Coinswitch,2020-11-14
13,0x22764DE8f82F2D2a90e0cCCa4556A2a5114B6461,XRP phishing website (ripple.com.pt) that got exchanged to ETH through Coinswitch,2020-11-14
14,0xc28F50625CfE028Ab1A3458C7cEbCf9657Ff1438,XRP phishing website (ripple.com.pt) that got exchanged to ETH through Coinswitch,2020-11-14
15,0x14130D36B36887620c37A404f859D11e293ec06A,XRP phishing website (ripple.com.pt) that got exchanged to ETH through Coinswitch,2020-11-14
16,0x2f77f4523a13138b472Ac6fAeF624ccE68DA2c46,XRP phishing website (ripple.com.pt) that got exchanged to ETH through Coinswitch,2020-11-14
17,0x2315314c5Cadb895C2c9982b847FD6f6A32D6129,XRP phishing website (ripple.com.pt) that got exchanged to ETH through Coinswitch,2020-11-14
18,0x8651e8e218597e781E9a6D8CEB53ec5A236Ae75b,XRP phishing website (ripple.com.pt) that got exchanged to ETH through Coinswitch,2020-11-14
19,0x2f80A6700e4bea478aC027F019f04A78a7538D06,XRP phishing website (ripple.com.pt) that got exchanged to ETH through Coinswitch,2020-11-14
20,0x90a16ebcf1bc0da0347134f707da93c40bb8a4c5,Fake BITCAR platform token,2019-03-01
21,0x983bda798a24720bb4fe3dba287ec352e7b440fc,Fake BITCAR platform token,2019-03-01
22,0x45029af827c652f47b1f678456b2cd009647c8ad,Fake BITCAR platform token,2019-03-01
23,0xF193a9aFb00715AaCF7ca9Ebffafe02C77517C2E,Fake copy of ROCK2PAY token,2018-11-06
24,0xcc02b920ae227f1be7d01fc241c27e5f74d40436,Fake copy of ROCK2 token,2018-10-28
25,0xa153a6eF80fb5d60de18688bdC82684d48FC8De1,Fake copy of ROCK2 token,2018-10-28
26,0x19fb7020381fe9197bf841d5034D5467FE5a3C93,Fake copy of ROCK2 token,2018-10-27
27,0x8abe0a9b8A1C8a003354E61F3ed8befdeb7D2CEc,Fake copy of ROCK2 token,2018-09-12
28,0xfb6E71e0800BcCC0db8a9Cf326fe3213CA1A0EA0,Scam lottery contract that takes advantage of odd struct memory management,2018-06-19
29,0xB4c9d8A5812a024BDb177991af256dA144776033,Electrominer ICO fake admin,2018-08-30
30,0x5ddD20aC4bACFf3f148aF4C8C24194a1C102CfE5,Electrominer ICO fake admin,2018-08-30
31,0x03f034Fb47965123ea4148e3147E2cfdC5B1f7a5,Electrominer ICO fake admin,2018-08-30
32,0x3B5744c7F340E0d2Dcf7A072A4c963B9a43c982B,Buzcoin ICO scam (buzovacoin.io),2018-08-01
33,0xEeF2a09be2A136bBa76F04CF056E36947DBf0b0C,Buzcoin ICO scam (buz-coin.io),2018-08-01
34,0x86dDF5b305B9081fB5208e903EDeB013510997cd,Buzcoin ICO scam (buzcoinio.com),2018-08-01
35,0x181c71726f12ce2514e8b93019eb22645a79f966,Fake Whalesburg ICO support,2018-05-14
36,0x2056d2e97cc9ad78cf527b382495a8b9704ce011,Fake Whalesburg ICO support,2018-06-02
37,0x259EFb559a5D9ed64ccF44Bd5188b325DC4738c8,Fake Whalesburg ICO support,2018-05-28
38,0x42A777E0F24390E7ed461a7AF325526e53ac57d9,Fake Whalesburg ICO support,2018-05-29
39,0x4e790c545478029d20816a7212c46adde058d63e,Fake Whalesburg ICO support,2018-05-31
40,0x5D840DB230c397AcC22ab28053d1a1fF7f14583E,Fake Whalesburg ICO support,2018-06-01
41,0x6cF481C7090D88CA6F1Fa3C9FFD0911Ef5359808,Fake Whalesburg ICO support,2018-05-29
42,0x73bb594368ddB778972C6f30b41437C897419C37,Fake Whalesburg ICO support,2018-05-29
43,0x7613a475b7fE61775f579Bc148300C8171EcCaE9,Fake Whalesburg ICO support,2018-05-31
44,0xBC83D48Dd0cd9c3F47Bab6436DeFeB334B563f4C,Fake Whalesburg ICO support,2018-05-26
45,0xbca6294a6c80ee0f20173547b8d85d4948a0cb39,Fake Whalesburg ICO support,2018-06-02
46,0xbeEbe66b6A511dD2acCBfF7F258554dbe97f1294,Fake Whalesburg ICO support,2018-06-01
47,0xea7380369af53598a55b4622909cd9633e0ae7fa,Fake Whalesburg ICO support,2018-05-30
48,0xfE9B7DB8d9D57E9ad9341bCf51B110Ba5d27b48B,Fake Whalesburg ICO support,2018-06-02
49,0x08389B19ad52f0d983609ab785b3a43A0E90355F,Scam address for various fake twitter accounts and fake giveaways,2018-05-01
50,0x4114FB8B1879f61b18f7d2E623569a847a03e15A,Fake 'Atonomis' presale,2018-04-27
51,0x3c3b85b2ae785a8cc16c3d4df12cb27c6983dff5,Fake ICO support,2018-04-08
52,0x35ad1cb9a39de486cebcce3cf51661fd6c848193,Fake Photochain support,2018-04-08
53,0x15f4a5d5bbc071fc20bd60b9b7d81aaa8a1142ab,Fake Betrium admin,2018-04-08
54,0xa2a6ceadcb7db611f618ebabfe6de5763953b7c7,Fake Adsigma support,2018-04-08
55,0xe4faeef4002c200d9d4f1d381ccb5fb679d1c437,Fake Starflow admin,2018-04-08
56,0x68a91eba9c82b475091077e16357bb2dded479f4,Fake StasyQ admin,2018-04-08
57,0x64c5971dd27ff063ee4bc5e4c231febd9fc228cd,Fake Omnitude support,2018-04-08
58,0x484aa220812a5ed3d1162686bc8592eb39276348,Fake PlayHall admin,2018-04-08
59,0x3810bd434103f1d0618b909ba14e4d2d707d79f7,Fake PlayHall support,2018-04-08
60,0x6834d3096793d0731348f1581ae1b20c9b79e26a,Fake PlayHall support,2018-04-08
61,0x0dac7a548551dd2e0f7293005f14f9261d7e0196,Fake PlayHall support,2018-04-08
62,0x55c4dfc965b911afee18a7d2d94a245b867395b6,Fake ICO support,2018-04-08
63,0x0e04298d9eaffaf538fe04b4cd525b6d1b64c3ca,Fake Selfllery admin,2018-04-08
64,0xb5879bf4a37c6ed9d86a6f2d8aab7939b21687cd,Fake PlayHall admin,2018-04-08
65,0x4e556877e96fdf3bef67c81ef72e20ab29a9aebf,FAKE Telegram giveaway,2018-04-08
66,0xc8ce1c3ac9549d479a90a6a89155b9b94e54d9ba,FAKE Telegram giveaway,2018-04-08
67,0xe344e4b209e8eabaa2a6ddd1b0aa120b7599af25,FAKE Telegram giveaway,2018-04-08
68,0x0a4392f623faf54de72cbf6f567e1a7808251cd3,Fake PlayHall support,2018-04-08
69,0xfb990112f51931a2834fcf574a860b7419ecd76f,Fake Origami Network and Crypto Cashback Rebate support,2018-04-08
70,0x86d38dbde80fe6a947565967f41cf958cc271548,Fake Topia admin,2018-04-08
71,0xa46311dc4d3bc52b66d45e74682042bb143a9aa3,Fake Selfllery admin,2018-04-08
72,0x18ec1d727320cbed7c0c63cd655ade997b292c5e,Fake Selfllery admin,2018-04-08
73,0xdf967ff95cd5ff35a27786dbd906fbb9ded116af,Fake admin in Selfllery ICO,2018-04-08
74,0x300d4fbdb7ef38488eb9338982686e04ba426715,Fake admin in Selfllery ICO,2018-04-08
75,0x15a99893dc47bfae5b06e9b4c8941aaca60f8af5,Fake admin in Selfllery ICO,2018-04-08
76,0x8c38a4e5104a2925d9e23d5f269afd1c2e09b8f9,Fake admin in Selfllery ICO,2018-04-08
77,0x43f030a549f780d1af59a782eaadce4dec7ba183,Fake admin in Selfllery ICO,2018-04-08
78,0x2903e9f1d81fac8ccc313b5b496f2db7db6750b6,Fake admin in Selfllery ICO,2018-04-08
79,0x72b59c7ff61130f4923e2da6af27d562dd64191c,"Fake Amazix, Selfllery and Swapy suppor",2018-04-08
80,0x5bc989f38ec9b913b0fbd8b702858214d428a1bd,Fake admin in Mosaic ICO and others,2018-04-08
81,0xdb21509547c82b69e714bf3a761e6d64f0f91cd0,Fake admin in Selfllery ICO,2018-04-08
82,0x101c55c14bbde713d4c718b67256133bac8126c6,Fake admin in Selfllery ICO,2018-04-08
83,0x56f0e244ea07e894170731285daf8cf4864e368e,Fake admin in Selfllery ICO,2018-04-08
84,0x5e0f56a3e977318b69303c12369b2a797dfa2b0b,Fake admin in Selfllery ICO,2018-04-08
85,0xD0cC2B24980CBCCA47EF755Da88B220a82291407,,2018-03-12
86,0x4cdc1cba0aeb5539f2e0ba158281e67e0e54a9b1,,2018-03-12
87,0x00e01A648Ff41346CDeB873182383333D2184dd1,,2018-03-12
88,0x858457daa7e087ad74cdeeceab8419079bc2ca03,,2018-03-12
89,0x2268751eAFC860781074D25f4bD10DED480310B9,"fake ICO site w/ fake address. Mirrored from district0x.io/ by HTTrack Website Copier/3.x [XR&CO''2014], Fri, 14 Jul 2017 08:59:16 GMT",2018-03-12
90,0x379ce20c018fb6301c1872c429ec7270ffa4dc5b,malicious - same as ethereumchest,2018-03-12
91,0x2b065809f6ec6df32878bcd26711a0e2bcf59c26,slackbot / reddit dms. did not 404.,2018-03-12
92,0xcdd1c19dcc3f473eaef6edb0a28e1e796d6e1767,slackbot / reddit dms slackbot / reddit dms,2018-03-12
93,0xBa83e9Ce38b10522e3d6061A12779B7526839eda,scambot phishers. did not 404.,2018-03-12
94,0xBa83e9Ce38b10522e3d6061A12779B7526839eda,scambot phishers. did not 404.,2018-03-12
95,0xf73EF0650415656B51Be39bD5D37CF5cE03f4033,scambot phishers. did not 404.,2018-03-12
96,0xedf202629bb7e9f72d4c62c325d198513fa7a3d3,scambot phishers. did not 404.,2018-03-12
97,0x00e01a648ff41346cdeb873182383333d2184dd1,,2018-03-12
98,0x33F74739ce6bE3B2c38AF76F5aDB3866CB4784c4,,2018-03-12
99,0xaa1886de3f70a3ef502ea1379a311c5b4e05f3fd,,2018-03-12
100,0x379ce20c018fb6301c1872c429ec7270ffa4dc5b,,2018-03-12
101,0xf9fe85e19bd533c69067c6e2ff02727d40a54100,,2018-03-12
102,0x4423b4d5174dd6fca701c053bf48faeaaaee59f0,,2018-03-12
103,0x89C98CC6D9917B615257e5704e83906402f0f91f,,2018-03-12
104,0x4a0d27a1044dd871a93275de5109e5f5efc4d46e,,2018-03-12
105,0x3681828DA105fC3C44E212f6c3Dc51a0a5A6F5C6,,2018-03-12
106,0xe4fa5149306b12d51dc0d04e5e95bc9704ccaad7,,2018-03-12
107,0x89c98cc6d9917b615257e5704e83906402f0f91f,,2018-03-12
108,0x1e80dad60d19fb8159af3f440a8ceaa0e5581847,,2018-03-12
109,0x3681828DA105fC3C44E212f6c3Dc51a0a5A6F5C6,,2018-03-12
110,0x52b7c8857Be3853fA68e09D9Ba7a9ADf075040eA,,2018-03-12
111,0x3b0009071a0a9983e9aab537fd8c9ad478310aeb,,2018-03-12
112,0x4Bf722014E54AeAB05fcF1519E6e4C0c3F742e43,,2018-03-12
113,0xD9932453997ddF36fE114C9F22beBb9eE77b2921,,2018-03-12
114,0x68B0e0Db7918C0211EA1fB78292a879839137DD0,,2018-03-12
115,0xF902AA3a62F9E28878129E1A8f1EB71E4FD7a88C,,2018-03-12
116,0x1086fEeb031e45e8FCD770662Aa8302d7C23ba1F,,2018-03-12
117,0x685445fE51B31790538890A6468851AfbF7a0519,,2018-03-12
118,0x6fcf42fcd9c6a54b64d1b52083700142952a2805,,2018-03-12
119,0xda657e9fa116900fab8178e5580a3a6cedd89f3c,,2018-03-12
120,0x44A7fF01f7d38c73530C279e19d31527Bdcf8c78,,2018-03-12
121,0x1de23F02E185fDc4f6BACc98D6c6419370E38538,Fake Etherscan site for a fake Monetha ICO address,2018-03-12
122,0xdA657E9Fa116900fAB8178E5580a3a6CEDd89F3C,,2018-03-12
123,0x6506827D91659e871fc7267160ba1C3407195270,,2018-03-12
124,0xf1e250F2a27ab7eC5B82B287F2799260448CD51D,,2018-03-12
125,0xFBF6F29c126382cf15795bB209EE506a174cC709,,2018-03-12
126,0x7CBC4E0D168744912C5Afc081499145BBDc51e69,,2018-03-12
127,0x57b818a1070373e21fcedf48d4368e1703c75852,,2018-03-12
128,0x8369F6723C4792b41d4AF4190662269431Ee5B0b,,2018-03-12
129,0x57d02550f47dd932d2fb84e0aa883c9d8d53c313,,2018-03-12
130,0x4999924fD714092FE92cA9A792a8549f798c1Dc2,,2018-03-12
131,0xF8E676094628776690DBf83fa31f08aA14FD3fb8,,2018-03-12
132,0xc4b51a247514901faf1b6b1da9f0836066e64407,,2018-03-12
133,0x4Bf722014E54AeAB05fcF1519E6e4C0c3F742e43,,2018-03-12
134,0xCbCD4b518890429C0Ffef3d782eD99b3ADFF009b,,2018-03-12
135,0x5d3f32f4b2e99fb79d2f6a1cbf3aa7390f8fc751,,2018-03-12
136,0xbe3364dfb8158A3e452FF96AEb247BF3f5F019B5,,2018-03-12
137,0x7a18cfc4a36e48163034e51a9ed19d4bdea05f6f,,2018-03-12
138,0x7C203685291149D5dAd4308781F42A6B945dF4E1,,2018-03-12
139,0x7e3d7D8E31b3F472FCD3C1552a9F009131C50C6C,,2018-03-12
140,0x4Bf722014E54AeAB05fcF1519E6e4C0c3F742e43,,2018-03-12
141,0x29e225d888cf11c5e67613bffd30bcf071eb3d4a,,2018-03-12
142,0x6d0b90ea2951ca5ad3abdb606e4146e9765f1ee4,,2018-03-12
143,0x64f3502c4b6b7e7f106e7ab1f175a4e2c2fde45f,,2018-03-12
144,0x6D0b90eA2951ca5ad3ABdb606e4146e9765f1ee4,,2018-03-12
145,0x143494359bBACC878308075C1c9FA05fcda96651,,2018-03-12
146,0x920aDc9A060cdA345fdEc2fdeBAd6EBF38eDf83D,,2018-03-12
147,0xbcc6c0fef89b87a12773db7a9a8ecbccccdb7aff,,2018-03-12
148,0xf9a5139E42c3ca13D5b24D23ab2B18C278805Dc4,,2018-03-12
149,0x8cF893F11f6037B14f0f827B9ed6AEef38931Fb4,,2018-03-12
150,0x893676c4A94F6EcdC33a18438BBdCfE9e6c68a9a,,2018-03-12
151,0x05Dd62c007CDe143B402fA5Da3937C40c70b4B14,,2018-03-12
152,0x0Dcc89F3091d3EF66E00Fb595Ed0FaFEf4434192,,2018-03-12
153,0x2A7D04018D7295D8069Ec9721eE415c4Bdc57909,,2018-03-12
154,0x1c2FB401D3Dc4fd8131ccFc4589F281D58921402,,2018-03-12
155,0x8cF893F11f6037B14f0f827B9ed6AEef38931Fb4,,2018-03-12
156,0x88698a2ff09506596a88a1af9d103a420ba46a3e,,2018-03-12
157,0x05E3650Bfc907Cc1b3C774F0c053C8B990ce1A4b,,2018-03-12
158,0x801D03f4d053242aFbc2949c141BAB4270Ca6707,,2018-03-12
159,0xB71dF0DbbB9754c1aa9115253F4eBb7EF3f8a57c,,2018-03-12
160,0x3AA65f17cdE339dF49AFd2F88B3C8495842D5FB0,,2018-03-12
161,0x37c81cc9ff71d0f97849a947bf22e8e529b72230,,2018-03-12
162,0xef57aa4b57587600fc209f345fe0a2687bc26985,,2018-03-12
163,0xB7c4A4341c0A03460B6ceC4fa997dD2D748Ce281,,2018-03-12
164,0x3639b8B8edA816B2cb62b65159A183972a3cf863,,2018-03-12
165,0xd3d7c71e4c5b1ff2f42fbb9b4a21f3373aa8b3b0,,2018-03-12
166,0xAF31bf4Fa017768E6426308Cf17E16d633700265,,2018-03-12
167,0xd055610c2d5151aDb3eaF994e08aBe45DeE936E0,,2018-03-12
168,0x8dcdb7fc9f541825ba57fb47d5204317fc609590,,2018-03-12
169,0xef6805af393c34fe772f8d827a5d26685215612a,,2018-03-12
170,0x62404BFB3e1c464f17e3AF0c139e39D0703ae4A1,,2018-03-12
171,0x9A95f2Ca24d1dCb01048E0623f63F9D174237dEb,,2018-03-12
172,0x071cf579507DD0661845694F709E68CF7Ea506a4,,2018-03-12
173,0x1b42BF30CD988Ad20500cE47ccE52098576Ec2a2,,2018-03-12
174,0xa2896b45f8bD313B777F1027724da1b5F2205A58,,2018-03-12
175,0x1aef1E14108786e0B049f37758529d866cc3c7e6,,2018-03-12
176,0x1aef1E14108786e0B049f37758529d866cc3c7e6,,2018-03-12
177,0x3853ba76ec6ae97818e2d0e0839c9eda6c396690,,2018-03-12
178,0x33f6eE23eE223c4558a95bF4C0e9f5eD21e06319,,2018-03-12
179,0x22374A2E9E19bcea56E64F9De3329670CD1a458c,,2018-03-12
180,0xA35e3534917E471540345733B8f23e7bAd54681b,,2018-03-12
181,0xa6B60dd3bE491aAfE5AbA8622b35C0eAd608D3FD,,2018-03-12
182,0x6D8A1BC0AE09aE5cFd4a7A2a59194598734CEea5,,2018-03-12
183,0x6D8A1BC0AE09aE5cFd4a7A2a59194598734CEea5,,2018-03-12
184,0xF3Ae45D5A0B8EfB41444101267b56E6795051FaC,,2018-03-12
185,0x8A46Aa04725b2E2029bdCb924D671Fd6a9c11daB,,2018-03-12
186,0xda1cC010259496d407a764c381D0E82182D68D89,,2018-03-12
187,0x42ff5fff0e369ef6880875efcacb3b7c77974abc,,2018-03-12
188,0xEeD7072FCF46733833249D1E979c44fE4F2a23a2,,2018-03-12
189,0x7c57981AF4cee87567774B53F9da1bFCeb8B944b,,2018-03-12
190,0xfbc79A80ffA84253611e8f9A82F18e9E93Ceee81,,2018-03-12
191,0x943DB403251105195F56cE69c7c48A6320475AB1,,2018-03-12
192,0xD754B5Bf41B84Bcb49CB952F858318640aBC60E0,,2018-03-12
193,0x902d0d5bb6a34307bbd1da33e61ae1654b6cbe1e,,2018-03-12
194,0xF0Fc2d4d550253d8C165C599E0cCCf221c7eb7b5,,2018-03-12
195,0x52005B77fbEBf53cfD9527A388f58d0431AaaA3e,,2018-03-12
196,0x1E67F055367bcBCe045E1211F09355Eb7411236F,,2018-03-12
197,0x316b3b83c33B20249B61DEd124F2620d8E823793,,2018-03-12
198,0x0ae775637e63Fa95855246Fd82e96802D05883Fc,,2018-03-12
199,0x71108Be9C232722Dd6839A6fbaD171cf44d3FfAf,,2018-03-12
200,0x29e225d888cf11c5e67613bffd30bcf071eb3d4a,"Fake airdrop site, asking for private keys",2018-03-12
201,0xA3e52a23060cCDfE186822b52BF60A07451e094e,,2018-03-12
202,0xD50fCd07007255599A9A8CedD881F863bcD65eb1,,2018-03-12
203,0x7F85D875EAF39525004E8Ac2BC1e83786D7Dfd77,Fake crowdsale site,2018-03-12
204,0x4Bf722014E54AeAB05fcF1519E6e4C0c3F742e43,Fake Raiden Network airdrop site - asking for private keys,2018-03-12
205,0x504f1E10da987490Db4f0D92931497f635E240e8,Fake crowdsale site,2018-03-12
206,0x24C00035b050BeC633287c2bABfBb9f4fE3C8A83,Fake simpletoken.org crowdsale site,2018-03-12
207,0x6e3E57E536aab05950774945d9cdBf506865c52f,Fake spectre.ai site crowd sale site,2018-03-12
208,0x2804e8B4c04c655376D18aDA84d46fC345240E0A,Fake datum.network crowdsale site,2018-03-12
209,0xA0D67BF1aE91B6b705abD4f695Cc13edAAcd0D02,Fake tzero crowdsale site,2018-03-12
210,0xe54659243F8542d6ABfd15bbff69f62465786756,Fake tzero crowdsale site,2018-03-12
211,0x51DcD13361C5D921D2C4818e419011301e7BE34e,Fake tzero crowdsale site,2018-03-12
212,0x784205ACD9423a2044D09E41642A71E087162861,Fake auctus crowdsale site,2018-03-12
213,0xd912289C9F079b0655737a55FD5D745501ECEfc7,Fake dmarket crowdsale site,2018-03-12
214,0x1494403137159bb0dc545d11963fDF797ea1eCAb,Fake wax crowdsale site,2018-03-12
215,0x43AC6AaE3c5dd21855C3aABe3CADB7dFdCf2E5be,Fake spectre.ai site crowd sale site,2018-03-12
216,0x51DcD13361C5D921D2C4818e419011301e7BE34e,Fake tzero crowdsale site,2018-03-12
217,0x51DcD13361C5D921D2C4818e419011301e7BE34e,Fake tzero crowdsale site,2018-03-12
218,0x51DcD13361C5D921D2C4818e419011301e7BE34e,Fake tzero crowdsale site,2018-03-12
219,0x738a4dAAE8d4A640172fAC4F45B41707BD2197be,Fake UTRUST crowdsale site,2018-03-12
220,0xea6e18FD3C301e4300BC99B6Db792fcff376Abb4,Fake Blockstack crowdsale site,2018-03-12
221,0xc31fB4c352cb68c847715D46D97C1fa2Aa2d0f00,Fake Oracles crowdsale site,2018-03-12
222,0x1447b1cB205158D98FdBd312b37ed9dd1481fB62,Fake Oracles crowdsale site,2018-03-12
223,0x55456cBd1F11298B80A53c896F4B1dC9Bc16c731,Fake Gladius token sale site,2018-03-12
224,0x57DCF20135B0Cb9D167e8ebFe13b84bfD67645ed,Fake Wabi token sale site,2018-03-12
225,0xa2A3a8e4a1877da1C913df7591ac0D72f27D4510,Fake Gizer token sale site,2018-03-12
226,0x1cea7999fdafe5d156952ebf1816e8aa67a5485e,Fake Wabi token sale site,2018-03-12
227,0xAb1C30cd2d9964b3B845ef744E2E4043739430e5,Fake BitClave crowdsale site,2018-03-12
228,0x55456cBd1F11298B80A53c896F4B1dC9Bc16c731,Fake Gladius token sale site,2018-03-12
229,0x9D0b8447f16d6bC1de2B52d63e9c487bD778a91D,Fake Gameflip token sale site,2018-03-12
230,0xeB8b629Df028f5353649460F1c06bF394dE8641f,Fake Qlink token sale site,2018-03-12
231,0xa5797eA738AbF85Db7B3f2e04A4a40A5180044A8,Fake Mobius token sale site,2018-03-12
232,0x51DcD13361C5D921D2C4818e419011301e7BE34e,Fake HelloBloom token sale site,2018-03-12
233,0x57DCF20135B0Cb9D167e8ebFe13b84bfD67645ed,Fake PROPSProject token sale site,2018-03-12
234,0xfCDd417b449C982Fc9b6d7B117E417682E81b627,Fake PROPSProject token sale site,2018-03-12
235,0x72A66Bba491F0C696c4c4e3154D07B241d371944,Fake PROPSProject token sale site,2018-03-12
236,0xeacEB8e777dC8b1c11b8730904D13fBDA070846f,Fake SirinLabs token sale site,2018-03-12
237,0x0A78fa6Dab70385dD46fbDD20DA5d868EB43F904,Fake SirinLabs token sale site,2018-03-12
238,0xEed48722238b98317D849fA591D96B7efBE9B06F,Fake SirinLabs token sale site,2018-03-12
239,0x0D502F90C0a740b9C069ddec1c436D483ED7ab8E,Fake Envion token sale site,2018-03-12
240,0xb37722E14FcFc78A56312A9a746C5474822002F2,Fake SirinLabs token sale site,2018-03-12
241,0x0387cfC283fFcF25A4a6A61E832545Bbeb7c8fdA,Fake Envion token sale site,2018-03-12
242,0xa7a020aE798A0a026c57eD6cBE48b21D3DBBEc5B,Fake SirinLabs token sale site,2018-03-12
243,0x8c9d299cc3C2111499416Cf4E3677328486cFac2,Fake Envion token sale site,2018-03-12
244,0x4C191DCa6cecFA1e55CAA3CF178eea52728B13E7,Fake Changelly site,2018-03-12
245,0x514E9CA5406F112aBa902b0CbA87395b914D861e,Fake Envion token sale site,2018-03-12
246,0x0387cfC283fFcF25A4a6A61E832545Bbeb7c8fdA,Fake Envion token sale site,2018-03-12
247,0x2da8703d18AFeD53B303119E4fF06CF035a9fadB,Fake Tron airdrop site asking for private keys,2018-03-12
248,0x6d0b90ea2951ca5ad3abdb606e4146e9765f1ee4,Fake Tron airdrop site asking for private keys,2018-03-12
249,0x64f3502c4b6b7e7f106e7ab1f175a4e2c2fde45f,Fake Tron airdrop site asking for private keys,2018-03-12
250,0x660d30d1fbafdc88a1951370cbe2b3094dbf224b,Fake Tron airdrop site asking for private keys,2018-03-12
251,0x2bcC8aefa2fc9D8E52DaD098778Bb0A8D08a4aA3,Fake SirinLabs token sale site,2018-03-12
252,0x29e225d888cf11c5e67613bffd30bcf071eb3d4a,Fake Wabi airdrop site asking for private keys,2018-03-12
253,0x7F2b4801c338A7B3cc322bFAf151aFea8708E8e0,Fake Singularity crowdsale site,2018-03-12
254,0x2da8703d18afed53b303119e4ff06cf035a9fadb,Fake Icon airdrop site asking for private keys,2018-03-12
255,0xdbe6dba965afc52f5b3d51e4b15e372f45d4106a,Fake Envion token sale site,2018-03-12
256,0x9441A81FB67f44Ce7B31C311317e136E7067F8cA,Fake Envion token sale site,2018-03-12
257,0xDaa29859836D97C810c7F9D350D4A1B3E8CafC9a,Fake Gatcoin token sale site,2018-03-12
258,0x3853BA76eC6AE97818E2d0e0839c9EDa6C396690,Fake Shapeshift,2018-03-12
259,0xE10270BFb1eD82E120BfC392efb3C94a1604DeD6,Fake EtherDelta,2018-03-12
260,0x8444173280E5fDC0525494638123b014CfFcC521,Fake Giveway site asking to pay miner fees,2018-03-12
261,0x72A66Bba491F0C696c4c4e3154D07B241d371944,Fake props site,2018-03-12
262,0x72A66Bba491F0C696c4c4e3154D07B241d371944,Fake Zilliqa site,2018-03-12
263,0xEC2D5cC008Ba6D2237d33CA9CF74B684737FCaE8,Fake Cashaa crowdsale site,2018-03-12
264,0xAc82537fae701B2046F62BB718c4857787b0b647,Fake Bluezelle crowdsale site,2018-03-12
265,0xf962933e44b1DFC771738A034c80D87bDcd96eCC,Fake Nucleus crowdsale site,2018-03-12
266,0x52005B77fbEBf53cfD9527A388f58d0431AaaA3e,Fake Selfkey token sale site,2018-03-12
267,0xc94a6e7776bade5da316cf6fd8c751fb0d5c3c5e,Fake Dai secret sale,2018-03-12
268,0x58a166f9a6ff996e2349eea90d42cc198529a037,Fake airdrop site redirecting to a fake MEW xn--myeherwalet-ns8exy.com,2018-03-12
269,0x58a166f9a6ff996e2349eea90d42cc198529a037,Fake MEW,2018-03-12
270,0x0059b14e35daB1b4EEe1e2926C7A5660dA66F747,Fake airdrop site asking for private keys,2018-03-12
271,0xFa1F0b67B9b48b2E87467D72f09722E19eD601bd,Fake Bluzelle crowdsale site,2018-03-12
272,0x119240Ef17333E8DCB19A0DD4f5fC848981b0Ff4,Fake Bluzelle crowdsale site,2018-03-12
273,0x0310c4385311D225CBCACa26FEFc9Ab45D3eba3E,Fake Bluzelle crowdsale site,2018-03-12
274,0x6AF114154A8850B1c54d48bD9103BDCdB420611B,Fake Sether crowdsale site,2018-03-12
275,0x0B7f284D74F549731499C44aEd2A10ADCc9E9cC0,Fake Bluzelle crowdsale site,2018-03-12
276,0xf33068d5e798f6519349Ce32669D1EC940Db1193,Etherzero chain split but need to send coins to this address to buy the new coins - does not add up.,2018-03-12
277,0xB2AC8e363eA34201df532A01522a006fCAa389Ee,Fake Selfkey token sale site,2018-03-12
278,0x02673ebfbfaed5891f6b14248b0e2753a8758fbf,Fake Selfkey token sale site,2018-03-12
279,0xb37DA5c9179345341Fe50D37cfc961ba47C01f9a,Fake Gatcoin token sale site,2018-03-12
280,0x5d1bCBDE56db05BeaD0FF7C87C9dC85BAF98ab32,Fake Gatcoin token sale site,2018-03-12
281,0xC1dD8Ac971129C8C08333924F58Ff40a50b8bb9a,Fake Etherzero wallet site asking for ETH to be sent to an address,2018-03-12
282,0xB23fB6cC17026D1Ce9cD543Cb69A023569503e4c,Fake Selfkey token sale site,2018-03-12
283,0x660d30d1fbafdc88a1951370cbe2b3094dbf224b,Fake airdrop site asking for private keys,2018-03-12
284,0x91619a3456FDbAc90bD93f51F2917981f0ED3097,"Fake blender, does not send to your destination address",2018-03-12
285,0xf4c87c851d772b0f9e72cca0690327f2bc505015,Fake tron web-wallet,2018-03-12
286,0xc0fed35b43f59c2bfb1eb544bd8921bfb18140c2,Fake ETH web-wallet,2018-03-12
287,0xc169a0e826f22fc7d37a48aaa346ffb4521c35cd,Fake bluzelle crowdsale site,2018-03-12
288,0xac3800002e45ed2e1a55dedfa2aca137f6dba61e,"Etherzero domain, but nothing supporting it being the legit domain. Also hosted on a server used before to host other phishing campaigns. Asking for your chain code.",2018-03-12
289,0x1c39d6E0278D1A28Ce21DBD73826559b010224E5,Fake Sether crowdsale site,2018-03-12
290,0xB2A3FCf38979898e695c88947e3373bf1c2E9b37,Fake Bluzelle crowdsale site,2018-03-12
291,0xB2A3FCf38979898e695c88947e3373bf1c2E9b37,Fake Bluzelle crowdsale site,2018-03-12
292,0x33bf8bde242216da572d6486d641ae0a18137306,Fake Bluzelle crowdsale site,2018-03-12
293,0x0eF2724a6D8be9f72f3d35b62E1e8a37CEaF721e,Fake Bluzelle crowdsale site,2018-03-12
294,0xf747726200C7FC14Ef4CE267b1F070128C2260Dd,Fake Bluzelle crowdsale site,2018-03-12
295,0x0C8b0b3e963beCf16cda410fe1Eb4B5D64022C94,Fake zeepln.io phishing for login details and fake crowdsale address,2018-03-12
296,0xce686d019E6f692aF646A8dF3BfE789dA97a484f,Fake Bluzelle crowdsale site,2018-03-12
297,0x6d64486A5C99139b53239297E0b653D196d05777,Fake Wanchain crowdsale site and phishing for private keys,2018-03-12
298,0xcc66ea7ef61a67df02afb18706c68a5f30b22300,Fake INT airdrop phishing for private keys,2018-03-12
299,0x2789b7b3557f39643198433daEBF6b43512Be65B,Fake Nucleus crowdsale site,2018-03-12
300,0xB9Cfb36060785F6800B1aB9ccC9B4F341d097399,Fake Telegram crowdsale site,2018-03-12
301,0x75dbe6e21e38a05a82ad64281a9e28a627619273,Fake OmiseGo airdrop site asking for private keys,2018-03-12
302,0x93574D7c405717D80520944Ee1Cb72D327B01dF5,Fake Nucleus crowdsale site,2018-03-12
303,0xd5EDb088b7382b397238f5010D14cf10Dd395007,Fake Bluzelle crowdsale site,2018-03-12
304,0xaC513396Ee50091972eE6fc07D120b6Ad360b233,Fake Pundi crowdsale site,2018-03-12
305,0x94D55B6f8b53903026399ab45294140EAfbFbF44,Fake Ink crowdsale site,2018-03-12
306,0x8202b590Eca4662446102b3a97E3536aAc8ab941,Fake Telegram crowdsale site,2018-03-12
307,0x26F7Eb488661C33c43089aD61944f3231222b32f,Fake Telegram crowdsale site,2018-03-12
308,0xF394D807795ff57373F1fe903046596CB0f69ACC,Fake Dimensions crowdsale site,2018-03-12
309,0xcae77a05ab518492144944fb50572ebfa3595870,Fake Telegram crowdsale site,2018-03-12
310,0xBbDEF8b12BABD3ab6018566BC17eC3Aa302b8348,Fake Wachain crowdsale site,2018-03-12
311,0xD362C189cb0056159d2fE22bD8203e26579f620D,Fake Cobinhood crowdsale site,2018-03-12
312,0x6122EE683dbEe50fD432fE5BdD8Ac055aA3D42b1,Fake Nucleus crowdsale site,2018-03-12
313,0xdF3e77CD5e563f93fC7ecA905d3302e95f9bb150,Fake Wanchain crowdsale site,2018-03-12
314,0xd9D25DcE4c3765855c76F3d2BAccc0755C4d0bc5,Fake Wanchain crowdsale site,2018-03-12
315,0x9B521529D04329C2B0a9F9B7DB18ed775c6cA8FC,Fake Wanchain crowdsale site,2018-03-12
316,0x545f5e5c54d8ac72af1c7de8c070387b73841a24,Fake Cindicator airdrop site asking for private keys,2018-03-12
317,0xE0b13c073e8173b06062c69A160EbB54e2AF86c3,Fake Beetoken crowdsale site,2018-03-12
318,0xB76a4770587f76d6c644DeeC275a2c76069b5F14,Fake Wanchain crowdsale site,2018-03-12
319,0x0d9786138578fcdcce04435592545ef08422d755,Fake Dadi crowdsale site,2018-03-12
320,0xbb53be0690ae7256833099a1f01125eb33445692,"Fake EtherDelta Andriod app, phishing for private keys",2018-03-12
321,0xbE11D0d38Ef4857224032afc9C96647492F726cE,Fake Dadi crowdsale site,2018-03-12
322,0xD0Ac32Ab01D9D3EC145EF63f73BF4e222dBCc0fb,Fake Dadi crowdsale site,2018-03-12
323,0x545f5E5c54d8ac72AF1c7DE8c070387b73841A24,"Fake Isot airdrop site, phishing for private keys",2018-03-12
324,0x0059b14e35daB1b4EEe1e2926C7A5660dA66F747,"Fake Isot airdrop site, phishing for private keys",2018-03-12
325,0xdafc2a2d4e070f863cfcb5887bc2516e05e18877,Fake MyEtherWallet,2018-03-12
326,0xAC1a4f4D49715e31f54CB8e0bf867Bb9170C10Cb,Fake Telegram crowdsale site,2018-03-12
327,0x5d82db63cf0c54d47006d416bdc7dab09ea2f3f1,Trust trading 0.1ETH for 2ETH,2018-03-12
328,0xA82C7c0Ef05080463E4ac55DB8b8531007f3A66C,Trust trading 0.1ETH for 2ETH,2018-03-12
329,0xdcd2fb1c1b103c5a591e76798704cfaa27baf6b9,Trust trading 0.1ETH for 2ETH,2018-03-12
330,0x5efb7d2ab258b18c8166b0c74fc4117716e52515,Trust trading 0.1ETH for 2ETH,2018-03-12
331,0x414bca672494b8f078112c52ae258f9e8de1a4a0,Trust trading 0.1ETH for 2ETH,2018-03-12
332,0x3dfE9F7Af8864DF0b7Cc2a20430006fd1af8dA1a,Trust trading 0.1ETH for 2ETH,2018-03-12
333,0x5B6D3d66E18Dfd31ed9A753C406963C401f356C0,Trust trading 0.1ETH for 2ETH,2018-03-12
334,0xc8c3234Aea55a5F746b2aE585a849ba0BFa57785,Trust trading 0.1ETH for 2ETH,2018-03-12
335,0x774148e22F021972bfe082e1548E5d9dC6e1D76E,Trust trading 0.1ETH for 2ETH,2018-03-12
336,0xeeCC46A74ceA6133a12672bD62D5167877B4d521,Trust trading 0.1ETH for 2ETH,2018-03-12
337,0xeeCC46A74ceA6133a12672bD62D5167877B4d521,Trust trading 0.1ETH for 2ETH,2018-03-12
338,0xe5b913f91f2b90c5cd04d711e1eb3214c56dba98,Trust trading 0.1ETH for 2ETH,2018-03-12
339,0x0059b14e35daB1b4EEe1e2926C7A5660dA66F747,Fake Aion airdrop site phishing for private keys,2018-03-12
340,0xd9cd7461f960e56364a294f124aac77b25e2b784,Fake Data Token airdrop site phishing for private keys,2018-03-12
341,0xf5C86C5BA5291DA78a2b4119dD7AEF99e3508362,Fake Bee token crowdsale site,2018-03-12
342,0xb2172027cb233198A3945A2c864f1Ec5b7E3b3Da,Fake Telegram token crowdsale site,2018-03-12
343,0x94763846b1fcB75fcCfcb51a9636dDc26Af281b1,Fake Sparc token crowdsale site,2018-03-12
344,0x7bb386c33486fe345168d0af94bef03897e16022,Trust trading 0.1ETH for 2ETH,2018-03-12
345,0x25F8b4acD2c37D7eBAE0066fdf9f13F327c0c4EB,Fake Medicalchain crowdsale site,2018-03-12
346,0x3CF71871d2f56A6af21bf17ca2652cbC12E8ba1f,Fake Fusion crowdsale site,2018-03-12
347,0x94B40ECC7B38F5A9316B03dac4fC663E4D10cd15,Fake Republic crowdsale site,2018-03-12
348,0xd1BDD067f5F1CbD358E2DDe444f8d9f41dE8AE76,Fake Arcblock crowdsale site,2018-03-12
349,0xFA956f10da5E16f120EB299dF963c1f7563Bf66b,Fake Republic crowdsale site,2018-03-12
350,0x9eb041AF96d44583110565ABeC79aedf22Eb60b5,Fake Nucleus airdrop using Google forms,2018-03-12
351,0xc9a08162b95915Edf6570F0439757e1F655De576,Fake Datawallet crowdsale site,2018-03-12
352,0x7Eb28833082eB28fD423aB30Df20afDE98C47DBF,Fake Fintrux crowdsale site,2018-03-12
353,0x8f0bca6b1b2b522082d46f3eec31340f113b029a,Fake Telegram crowdsale site,2018-03-12
354,0x636e5292882e2342aaf82d651322aea09a3e5392,Fake Refereum crowdsale site,2018-03-12
355,0xE276c66Af8853cDD91c1a25608B4E8B599F4da0e,Fake Refereum crowdsale site,2018-03-12
356,0x7Eb28833082eB28fD423aB30Df20afDE98C47DBF,Fake Refereum crowdsale site,2018-03-12
357,0xE276c66Af8853cDD91c1a25608B4E8B599F4da0e,Fake Fintrux crowdsale site,2018-03-12
358,0xe350160E3C8A07E92Ec58DDcb8DF81A73Aedc6f9,Fake Fusion crowdsale site,2018-03-12
359,0xf021428381172eF96988b31F241f4000259488F7,Fake Fusion crowdsale site,2018-03-12
360,0xe350160E3C8A07E92Ec58DDcb8DF81A73Aedc6f9,Fake Fusion crowdsale site,2018-03-12
361,0xdefb014b9e2f3bd81cdb084821f99b681cfca695,Fake news site publishing ICOs with fake contribution addresses,2018-03-12
362,0x74104E8C7F546C7398d198F6678310cE9D1b8814,Fake Adhive crowdsale site,2018-03-12
363,0x4c569022016eBa68EA10DEE702670dc82d2749af,Fake Origin crowdsale site,2018-03-12
364,0x16b9c4333559256CA7D87B28C6fb2e8415b4711f,Fake Globitex crowdsale site,2018-03-12
365,0x89E5124B5162A0CEEc512e8bA97Cd5E6F065fd13,Fake Nucleus crowdsale site,2018-03-12
366,0x9e009c57b36aC7e3382697b4c9d3E7092A1CDb42,Fake Earn crowdsale site,2018-03-12
367,0x0AF16719353EddC122eAf834638406c499197860,Fake Dock crowdsale site,2018-03-12
368,0x602026bD56bF9Ca9D86926669e4353035aCA2A88,Fake Dock crowdsale site,2018-03-12
369,0x89E5124B5162A0CEEc512e8bA97Cd5E6F065fd13,Fake Nucleus crowdsale site,2018-03-12
370,0x629b2Aa7FddA8f7527d6f8ea742c1d5774E567EA,Fake Gonetwork crowdsale site,2018-03-12
371,0x4BDE78EaD56A30055D33Bf84f52E420b0f6070Ba,Fake Gonetwork crowdsale site,2018-03-12
372,0x89E5124B5162A0CEEc512e8bA97Cd5E6F065fd13,Fake Remme crowdsale site,2018-03-12
373,0x76c88cd1eC2442c4f929B0f87280bE006D7BA725,Fake Fundrequest crowdsale site,2018-03-12
374,0x169b6c7Ed548e45bA9D87B2D32ff27e2D00051Ef,Fake Rightmesh crowdsale site,2018-03-12
375,0xE41031233301370491d47477E1171daB212d5352,Fake Remme crowdsale site,2018-03-12
376,0x9546748F47a77408dfBFF0DC22505B2e9a75FdA4,Fake Dock crowdsale site,2018-03-12
377,0x0AF16719353EddC122eAf834638406c499197860,Fake Dock crowdsale site,2018-03-12
378,0x9CdfC5b0ACA4527a0916412E9dbD6AD85556A494,Fake Dock crowdsale site,2018-03-12
379,0x0AF16719353EddC122eAf834638406c499197860,Fake Dock crowdsale site,2018-03-12
380,0x0AF16719353EddC122eAf834638406c499197860,Fake Dock crowdsale site,2018-03-12
381,0x9546748F47a77408dfBFF0DC22505B2e9a75FdA4,Fake Dock crowdsale site,2018-03-12
382,0x8A6fcF189437928A6a07F6899B675D11F3D3F778,Fake Dock crowdsale site,2018-03-12
383,0xB0dbA64e6a353A74cc78E8A98914c4Dff517bA7D,Fake Dock crowdsale site,2018-03-12
384,0xcCdf72DE615b5158BB37931BbCE645aa69221520,Fake Fintrux crowdsale site,2018-03-12
385,0xcCdf72DE615b5158BB37931BbCE645aa69221520,Fake Fintrux crowdsale site,2018-03-12
386,0x4bb1c210E3921E0F051ed00e898B9605c902114e,Fake Seele crowdsale site,2018-03-12
387,0x4899F3371Fb9F8E68A0b639bf1FD75220A089c42,Fake Seele crowdsale site,2018-03-12
388,0x4bb1c210E3921E0F051ed00e898B9605c902114e,Fake Seele crowdsale site,2018-03-12
389,0xe88379631857c0d8174EFEfDf8DCA25b29610f08,Fake Polyswarm crowdsale site,2018-03-12
390,0x7ba85E2e55c7598378Fe927aD2Aef2DAc6c45218,Fake Dock crowdsale site,2018-03-12
391,0x7dCfD020aD161fBD4C45894ab352582018eA9197,Fake Polyswarm crowdsale site,2018-03-12
392,0x0b591a58137f154F59Aea1284166d6A7b49821Fd,Fake Seele crowdsale site,2018-03-12
393,0x7DC66F5b59b34dF403B96FeC7E749703c157ebF8,Fake Blocklancer crowdsale site. suspected address;,2018-03-12
394,0xcb142defC16C9B409272447D87c74B722B767f1F,Fake Blocklancer crowdsale site. suspected address;,2018-03-12
395,0xE61dF1F5b8dd4e4E2a874157c2C97dAf7314b795,Fake Blocklancer crowdsale site. suspected address;,2018-03-12
396,0xEc970BbF167beee6fb536f1839418f3D19cE2a69,Fake Dock crowdsale site,2018-03-12
397,0x247733aF8B2BB8e63e3a2A419761c0fd71D40499,Fake Polyswarm crowdsale site,2018-03-12
398,0x4899F3371Fb9F8E68A0b639bf1FD75220A089c42,Fake Dock crowdsale site,2018-03-12
399,0x570AC27D1048dCBA1a4c58FE80109b9cf9b0e2Ef,Fake Polyswarm crowdsale site,2018-03-12
400,0xf4710562c804087AF20b7396Ce7CbA38B43fB61F,Fake Dfinity crowdsale site,2018-03-12
401,0x71B7767A9464ea1AD82DB434F06d9330d34a9fE5,Fake ElectrifyAsia crowdsale site,2018-03-12
402,0x79A9e902cFbE87fa5065905293992C15dE7F6095,Fake Orchid crowdsale site,2018-03-12
403,0xE977419eF28e71Ed541fF6318cEA9a6392709a48,Fake Petro crowdsale site,2018-03-12
404,0xD3D26c61401924939Bee67dffdb7aA7A0138844C,Fake Havven token sale site,2018-03-12
405,0xD3D26c61401924939Bee67dffdb7aA7A0138844C,Fake Havven token sale site,2018-03-12
406,0xB113a2c20471ff1efdf2735206C630707263F41C,Fake Havven token sale site,2018-03-12
407,0xa1b70Dc70FB74767cd380985Cf93C4Fb132fC4F7,Fake Havven token sale site,2018-03-12
408,0x785a751B2E36b2B0Fdb80100B7ca14889a768A22,,2018-03-12
409,0x8645eC394f7af95316639dcE6F99c01476B0d888,Fake Akasha pre-sale site - https://twitter.com/AkashaProject/status/967856820579717121,2018-03-12
410,0xaa2498d85bA7559006f90110A4Bc33c10A06c1AF,,2018-03-12
411,0xe009321b26350c2CFF5DB607068c1f6813df40d7,,2018-03-12
412,0xa8eb559EEb38C6CB6A8BC6C39bAdd86B113cd875,Fake Gonetwork presale,2018-03-12
413,0x52B34625687D6266a3B98fD5d214828F0670D7Ed,Trust-trading site (the twitter giveaway ones - cannot source the tweet),2018-03-12
414,0xa8eb559EEb38C6CB6A8BC6C39bAdd86B113cd875,Fake Gonetwork crowdsale site,2018-03-12
415,0x717D2041c516573a0e27F552CdB6C5c3EC7B4e09,Fake Havven crowdsale site,2018-03-12
416,0xCc49d1f23F01DEcD4E18B6AAACccb038c9648E30,Fake Havven crowdsale site,2018-03-12
417,0xCB89576d5e1627f4a0C64C2bb4d51798e92E8b8F,Fake Dfinity crowdsale site,2018-03-12
418,0x37c85A7523B1832B4D0380B2f513e88B66e8c850,,2018-03-12
419,0x560833296ef7A7F41b30c1065225Fa9b33830c19,,2018-03-12
420,0x175F6DbF87215A6DA7107977B4680bc3db31b2dE,Fake Havven crowdsale site,2018-03-12
421,0x362291375bD3fc2Ff0f928184bD6f373F92Dea57,Fake Havven crowdsale site,2018-03-12
422,0xc8ac47854a3fed2b444beb83f4c95ba092a3a735,Fake Havven crowdsale site,2018-03-12
423,0xCc49d1f23F01DEcD4E18B6AAACccb038c9648E30,Fake Havven crowdsale site,2018-03-12
424,0x86e00684EA92cb87F40d74C5EBde97ef9A17753e,Fake Havven crowdsale site,2018-03-12
425,0xC4625787be3fcCfF6AC2971945806AcC167C8CBd,Fake Adhive crowdsale site,2018-03-12
426,0xb8689c29bdc7c84f33706ff0f96eafc222ba6d86,Fake Ipsx crowdsale site,2018-03-12
427,0xe74b02131Ed2184eb94fD357b4f303E6935367f5,Fake Dfinity crowdsale site,2018-03-12
428,0x18f3489D959Fd0e3fAC366646e08f9aEabeA4D75,Fake Havven crowdsale site,2018-03-12
429,0x1e12436889E2459202437077549e35b56f1299Cb,Fake Havven crowdsale site,2018-03-12
430,0x878cce43a3b9d8A872a33d2d6CCD561E033707f4,Fake Tomo crowdsale site,2018-03-12
431,0x24aa18952E80707dad3ab4c9C97E787f2Af337Ca,Trust-trading scam site,2018-03-12
432,0x2F141d0cD81011436Df8fA04bDAC01cb6Cf51a65,Fake Metronome crowdsale site,2018-03-12
433,0x4fafc9291a0112a0ee0928361c02848ff2fdf6bd,Fake Havven crowdsale site,2018-03-12
434,0xfb1a7CCf5bCd436DCc0acB49ba1fB9F57Bb4d064,Fake Havven crowdsale site,2018-03-12
435,0xBc66E774CE25000950786241b8c5EE3275311Bd7,Fake Nucleus airdrop site phishing for private keys. suspected address 0xBc66E774CE25000950786241b8c5EE3275311Bd7,2018-03-12
436,0xBC210eC2EFAda9DF4897Dc9B23c58E96c01eF711,Fake Havven crowdsale site,2018-03-12
437,0xD77B95800f67deB52E0e0988DBf01A311A3ccd80,Fake Havven crowdsale site,2018-03-12
438,0x39D7C7acEc5bB282A4fB6E998D3D0099fF7780cf,Fake Havven crowdsale site,2018-03-12
439,0x717D2041c516573a0e27F552CdB6C5c3EC7B4e09,Fake Tomo crowdsale site,2018-03-12
440,0xC5f6690F7b60FE739908E02AeC46aE07718CEc5f,Fake Dfinity crowdsale site,2018-03-12
441,0x3715b1Ed9bbd5e165aF97619b5C5e13E39F55504,Trust-Trading scam site,2018-03-12
442,0x63cfa80bbbee233a4257857dcdc9d78cbc8efe37,Fake Polymath airdrop phishing for private keys. Suspected address.,2018-03-12
443,0xB177fC9A7CAAa9c50D82c5D2533750F1D72aAC86,Fake Abyss crowdsale site,2018-03-12
444,0xF2dcFa51F83e41c0e988477f939c7A5e5b9a6905,Fake Docai crowdsale site - see https://github.com/MetaMask/eth-phishing-detect/issues/1078,2018-03-12
445,0x2b3F15a55a68C4C81ae8331C2FE8E90008993f51,Fake Policypal crowdsale site - suspected address,2018-03-12
446,0x1363077895B20Ae90f80794cE4e575559517d033,Trust-Trading scam,2018-03-12
447,0xF23F9dda63ed0628609272DC0544C7a2f7189f51,Trust-Trading scam,2018-03-12
448,0x38B7Ca3B78c51364095BC56146D25F55AEe0af21,Fake tomocoin crowdsale site,2018-03-12
449,0xb82bFd79d5A8C0cc0d4C045633288b48A2beDdcB,Trust-Trading scam,2018-03-12
450,0xd79eB898431eA62636F08f738D10eB00446403dE,Trust-Trading scam,2018-03-12
451,0x3007a0Db9CAAD557CF4589Cfd550c21ce9399b15,Trust-Trading scam (looks like a fake ICO - send ETH and have a 92% chance of winning 100ETH - no contract address),2018-03-12
452,0xfddBfa1b0B93612b95e3296690b63B74D019370C,Trust-Trading scam,2018-03-12
453,0x0755e59d505c9b473Aec50B476dF3ea2045739aa,Trust-Trading scam,2018-03-12
454,0x1CcC9b2769741aB0e1620721Df7Cf8FF1D70716B,Trust-Trading scam,2018-03-12
455,0x915c95415D3449212FD0991CCF5eB42864118EC9,Trust-Trading scam,2018-03-12
456,0xD43F2111e4055120196285eC094aA6e96998668b,Trust-Trading scam,2018-03-12
457,0x0Dea8A35F4E39cDF65d3cC11f10612E9E0278b60,Trust-Trading scam,2018-03-12
458,0x2b5268FDE5041f6B1Afd77166De4e9eA5D9e967a,Trust-Trading scam,2018-03-12
459,0xD0B473271e9D38dFD11925d62eF8c0a2cf033a9C,Trust-Trading scam,2018-03-12
460,0x23d56797f64640e96FEaF57b7874C897b53ef0E4,,2018-03-12
461,0x508e1101755a4a6ae228b0e18002a816ce3418cE,Trust-Trading scam,2018-03-12
462,0xfe821f5509fdea3f72362d001697ad8c11f0c111,Fake Telegram crowdsale site - suspected address,2018-03-12
463,0x0A9f58EE19A7131Ed031eA66a032c05C7efe965A,Trust-Trading scam,2018-03-12
464,0x5F58fE612DB5B3E97FAf4A2E8f38B4AE295288Aa,Trust-Trading scam,2018-03-12
465,0x1e3c07Ce10973fCAebC81468af1d3F390d2A4c71,Trust-Trading scam,2018-03-12
466,0x1e3c07Ce10973fCAebC81468af1d3F390d2A4c71,Trust-Trading scam,2018-03-12
467,0xAF313b5cF52D7a2Ad7785d008660ab68421dB2D1,Fake Telegram crowdsale site,2018-03-12
468,0x693D47204555361D4d51311f97102a1507559802,Fake ETH generator asking for funds to gas to send x eth to whatever address you want,2018-03-12
469,0xC7308d5A7220Dc021CCF417445cB28cBb8Fece66,Fake Polyswarm crowdsale site,2018-03-12
470,0x1e3c07Ce10973fCAebC81468af1d3F390d2A4c71,Trust-Trading scam,2018-03-12
471,0x7bb386c33486fe345168d0af94bef03897e16022,Trust-Trading scam,2018-03-12
472,0xb65DB9F684F3BFa45Ad3fB4CDc4120618Ad81f00,Trust-Trading scam,2018-03-12
473,0xD33441A44Da0c1DCEE596aBB7ebDCdBa77c7DDBd,Trust-Trading scam,2018-03-12
474,0xd868A76A1dcc34854903376e734e3CFe461DD08C,Trust-Trading scam,2018-03-12
475,0xA7Ce02b8195FE8e3116A7e1248f2725EaAC86FeC,Trust-Trading scam,2018-03-12
476,0x0153775362C3071C1860e8dbfD53ccC82Fa226F5,Fake Telegram crowdsale site,2018-03-12
477,0x6642cEc9d02e4e669103a3Ed4F3505F437b8fe73,Fake Telegram crowdsale site,2018-03-12
478,0x3e2b9f6b67fc972419af5e9818281b745a6bf83b,,2018-03-12
479,0x8dc2c980d25b586c5c110ec3c477e985b9acad8b,,2018-03-12
480,0xd6f8668e96951e4108a79bc45ccef022544c73b3,,2018-03-12
481,0xe06ae5c5ab3eda3a62918bf86532c7d87dbbc66d,,2018-03-12
482,0x4a500bf6818ba31bb2b1dc90a354ab64ad3301dd,,2018-03-12
483,0xf2601c5a063c6a6ca86d8b6bd0543158f83a10ce,,2018-03-12
484,0x0dc04198cd942b55a7d63f5c3891122b6fa277ea,,2018-03-12
485,0x07faacbe52a8b5d3d22f49206bdd9d9c1f71991d,,2018-03-12
486,0xa0db4acb24e92167341320fcd882bbfb641cd12d,,2018-03-12
487,0xac9093198de62e5289163e85bacb53ead596b9f3,,2018-03-12
488,0x5ba53eb789c7f017fe3cd8027fb01c5eeb81f697,,2018-03-12
489,0x116574a18659f0063150e0064e4ea00349a1492c,,2018-03-12
490,0xc4dca8f7d121ad79057a8382fc9fa9898727ddd8,,2018-03-12
491,0x68d41d0c11bf5536d6d8c186ccfaf3de1a022d67,,2018-03-12
492,0x65af8c81291fb60a20235d9e4de80851f8f845d2,,2018-03-12
493,0x57d4e4ea0a207074d7e45fe60c939d2f4d3ed06b,,2018-03-12
494,0xc315f677f6a8f7b42d8fb32500e790cbf3dfbce8,,2018-03-12
495,0x07a065bbc565002740caccb22b452fdd029ba988,,2018-03-12
496,0xfd477bf560e59941796b398cea662b393298abc0,,2018-03-12
497,0x39a7c26ada0e575d69f05dd6b8086f0ddd99e207,,2018-03-12
498,0x1ccd65d573057c388ea96cc8be30c18a6d21185d,,2018-03-12
499,0x1a2c53d132ff8a6e26f6b32c0abdc179b94f0721,,2018-03-12
500,0xe02f2921742a6eec7ae44a18b1cca4277874bc74,,2018-03-12
501,0x7e160f5cf87e44cbe6b1337bb883f453445391de,,2018-03-12
502,0xd9204db19a18e051e861576a462c0cf83a2b6237,,2018-03-12
503,0x0b1f025593acd090a6c9b754e6e46acf88e89646,,2018-03-12
504,0xa62b5f23f4b3ddc20f879c3ff58d4b1ef2952d97,,2018-03-12
505,0x1982b0e96a0375e5b570e8e466d423a37af34b43,,2018-03-12
506,0x1d82886f997d0b124dfab342558bc463299c8a6b,,2018-03-12
507,0xdef05b512d405f4fb930e252c6c11f054832c93b,,2018-03-12
508,0xe6d3486a5fe2742e313a3266af8ff4f43e597d27,,2018-03-12
509,0x99f93d05059f074e893ab369f71adb4569a3da12,,2018-03-12
510,0x303f41f4e6a1e1fc9cc2738c722b73b3d9fe54cb,,2018-03-12
511,0xcff5e190a3d92e480a8bc5b414362c0d1afeb54e,,2018-03-12
512,0x8676f2dfd06ec780ea3f8fba65a29110a56dd830,,2018-03-12
513,0xe1358ae1a9130bc458c8021fcbb7ef8aedd51487,,2018-03-12
514,0x955427a36b5c92edee90a1448bfc7e854e9caef5,,2018-03-12
515,0xe9ee84b3b818b2af67c4536248fbfc5c7a0ccfad,,2018-03-12
516,0xe6c51d563f92a23dee9a7093bb1be33bd35c05d8,,2018-03-12
517,0x956729a9e9b2ff42a30c8bd8fbe380b2c714825b,,2018-03-12
518,0x788431a9fed9fae11871353cd6e92f3b724e7d63,,2018-03-12
519,0xa6ba0996684fcff6167128a13c8b0a1648310e6e,,2018-03-12
520,0xe1632e7e0dc135f3bc8991b917e8b682ab340fe1,,2018-03-12
521,0xa05554fa940043c7ba191b16cbbe404c3f898f48,,2018-03-12
522,0xd84af8766bd29b988f3426cc48cac5a6646f1f90,,2018-03-12
523,0xc616d99df3bf92e3111090f94694bd662b72ab1d,,2018-03-12
524,0xa490730ce2a97ec9f81f08fdb0eede36d6319bbd,,2018-03-12
525,0x702d965332e3082dc976c3b4013cfe0e2c540bcb,,2018-03-12
526,0x371850498d1bd60d67110d1d046ffabc10f957ec,,2018-03-12
527,0x02f4a464eebb46a50dd087074d7a2cf3f5a3598b,,2018-03-12
528,0xdf04e5007cb8fd65831310ceda40f5642c1b39c3,,2018-03-12
529,0x9beb086842a6c61ad929995f7060e3ee2c4a94ce,,2018-03-12
530,0x5e6dcab4f8edbfc1537b804803d831e5f42d8f3b,,2018-03-12
531,0x703f0116bf2ef4c80efac751a319f097fd2dfe6c,,2018-03-12
532,0x3d11b2189ad65e0e91e2f2b0e07cbc05ddc75b7a,,2018-03-12
533,0xcec962222291e09a07c0bd0a110d2211e0358b28,,2018-03-12
534,0x069a6761e9897ced3f5d13f4aa9ad745e526c913,,2018-03-12
535,0x38c36d3faab64c0770af26cc6ee95d91312bc53c,,2018-03-12
536,0x66e88b42922916d01b9aec71dd334d7fa5fb526d,,2018-03-12
537,0xda917961872ae8e0c8b96f6925a4d7cc7b27aea3,,2018-03-12
538,0x39ac3008be15cd3e3f23786faa0550c3e0b92ff2,,2018-03-12
539,0x12736c6b02381c3c50e41db3a69d7bb651a77d57,,2018-03-12
540,0x581cc257051a34972641d008c3915a75771be274,,2018-03-12
541,0x4566b8b849dcdbe04f64bf1909db313cf60d6e41,,2018-03-12
542,0x3884eb0ae2a04bce65b5b0ca9c1bd069cbd52c66,,2018-03-12
543,0xf245e09a1b42f847b120558f0c6e08f821be23f7,,2018-03-12
544,0xd06f80a4b932d7247aba4a85decce6c2458c0654,,2018-03-12
545,0x0bdd81d2a676166f2a28691e8af64ebeeca67fae,,2018-03-12
546,0xd22167d083a5cfc2f1ccadeb842a8093b2174c5f,,2018-03-12
547,0xc593e92ed9fd3c2f9db972860047affd2df83ae7,,2018-03-12
548,0x09cc69f6b484cada8e152d2002adfca496d723f3,,2018-03-12
549,0x47dc6f08214f891cc910d6d2abfb504c2584f14f,,2018-03-12
550,0x1c0dffa23f342a62ace37bd4eede6180c40ccbec,,2018-03-12
551,0xd72ebdf278c092d9cdaa12c58f8bd9438f96b83e,,2018-03-12
552,0xe824ec0f8384600f3187967f8b098014e31892f2,,2018-03-12
553,0xe9ab68e4aa12bf290529626e5f32725cf5abfba8,,2018-03-12
554,0xd354cf84a4cfd096120e2d4bf0a0cc8866d4efe1,,2018-03-12
555,0x1dea82c5628ae89572a153a556312832ee33fda9,,2018-03-12
556,0xe051ee9bd6270ff52d85ffe09685ee3a9755f04a,,2018-03-12
557,0xcee9ee01d48050415f1b104277bd493c5dbe645e,,2018-03-12
558,0xbf0c85867fcdd4064d22b0dfd91561a52134e035,,2018-03-12
559,0xf689bb4b063683a9ffd7a9295106f1e47c095809,,2018-03-12
560,0x0f7a4c36b5ee28e581504e8dfa62fa83a11ca7a9,,2018-03-12
561,0xf1014a29614b196d19d8ecd5ff05f3cef5efdbe2,,2018-03-12
562,0x0d87ca679a7ab95598b34eb54dafc356b0373388,,2018-03-12
563,0xdc3fd5cce7b17e461c692ff34f22fbd4b780b151,,2018-03-12
564,0xb1f873cb2cd0c818ce8b0a7d971f062808a47425,,2018-03-12
565,0x7b3a132ad35b6138f2dd148bfac2e790e4869723,,2018-03-12
566,0x6973c24fadd0bcab33ee5cb325c8a70e81c67c20,,2018-03-12
567,0x15847dcd428033c2cc2cb70edf2cbd6c84afc146,,2018-03-12
568,0x4411db7be552b487e3681e890ed14de9a9b24f7b,,2018-03-12
569,0xa5b254aea2e59ab3ce3bec470fe1882403c41be0,,2018-03-12
570,0xccffdb4bd0abb6fd105c1c4e03b4e919a5b57ab9,,2018-03-12
571,0x31537238bb5b237254b629bf226b566c617f182b,,2018-03-12
572,0xddff022e4befa69cbb5262446a8ae564700bea24,,2018-03-12
573,0xe6b39dad6d7a50b233da23e510697422e9d6351a,,2018-03-12
574,0xe9e837881c89e943c4c66e26031922bf8fc3f4f3,,2018-03-12
575,0x3f4d77cdabf58f5bfd2ef20784cafd58334542f8,,2018-03-12
576,0xcd63bb3586e871611cc60befcadf8e56bc7aeea3,,2018-03-12
577,0x3ad44a16451d65d97394ac793b0a2d90c8530499,,2018-03-12
578,0x6678bb2a94097f5046ff179a9dcec5be0985745b,,2018-03-12
579,0xc14777c94229582e5758c5a79b83dde876b9be98,,2018-03-12
580,0x5f6ab160206bc6a5d663ca5d0f237d82c572272b,,2018-03-12
581,0xff35866acb80ce4b169d1460cd48108955c1c445,,2018-03-12
582,0x45750cd6a3bb2206dbeb9cba5e68bf909ac945e3,,2018-03-12
583,0xc36454ed2b40adef7c75b9cef95b2f8010d3e0d2,,2018-03-12
584,0xde5886e65cbf1a9d21267f5ef7d5ed444cc63938,,2018-03-12
585,0x1c0e294310091654beac3d191089d3c376be123f,,2018-03-12
586,0xd2f4ea2f9d4c627c957305e28877081da9296d47,,2018-03-12
587,0x91ef0754d270e67f2ca92595f5a1c0459ec7df89,,2018-03-12
588,0x82334551e71b48387a122ebb256b188bf5868f44,,2018-03-12
589,0x1d64ea27764164debb4e891eb04d524f42904b08,,2018-03-12
590,0x495a8b1fdba38d726e514e95b4f1657c69fefa0a,,2018-03-12
591,0x175e0d5f3757b066a6f0cf7634b45f3085cb490b,,2018-03-12
592,0x93aebe50a59dfd4c1f7ed56f5177c6ced54a33af,,2018-03-12
593,0x18e81898ac31a43850fb8d0224477349de6d8d9a,,2018-03-12
594,0xd1091F9c7bb48651EDb17d255b2824de0EbD2074,Phishing - Fake address used in Ocean Protocol Pre-launch,2018-03-07
595,0x62e8aaffb7568cec94b0e15e7b4d859302d65ee9,Phishing - Fake Dadi token email blast giving out a fake crowdsale address,2018-02-01
596,0xdf1ec2e44a8b1774b068ecfc5ef1c937a86baf3e,Phishing - Fake Beetoken email blast after Beetoken email directory was hacked.,2018-01-31
597,0x2a6d8021861f27ab992572d8689017b7a83c989d,Phishing - Fake Beetoken email blast after Beetoken email directory was hacked.,2018-01-31
598,0x88436C2A2f427F2aa641dFd8c6763facf2Bad7bf,Phishing - Fake telegram pre ICO - ico-telegram.io/tokensale/index.html ,2018-01-28
599,0xF855fEE50A8915634a105385cb6cB9e442D15457,Phishing - Fake singularitynet token sale,2017-12-25
600,0xFE68DE56A07cD3AF0Ec40c22b0193115eCdD0501,Phishing - Fake singularitynet token sale,2017-12-25
601,0xcda5dd8e13fdae006b270769b1a18fa6c5524ce0,Phishing - Fake ETHLend tokensales,2017-11-28
602,0x16112015d50fac2d084e096feea0863800517f94,Phishing - Flixxo copycat,2017-10-30
603,0x394f59e83D88469D3Ca3B8da15F31B73f27eadA7,Phishing - Flixxo copycat,2017-10-30
604,0x6721b09f4fB6Fe69a14aDD6d1f2C1b94562e7801,MEW Phishing - xn--metherwallet-c06f.com,2017-10-26
605,0x85704b506E10b10D714eAd28CdE947bAA58F0EA4,Fake Ripio crowdsale - ripiocreditnetwork.co,2017-10-27
606,0x619f18aEC5f8EeF483fbfe654a269f1186ddA915,Fake Raiden crowdsale - riaden.network,2017-10-27
607,0x501577Cd4865D7D50664a1519A79f1c0E7069154,Fake Ripio crowdsale - ripiocredit.net,2017-10-24
608,0x897757CbA67EADB66d40e45C6748E27D0E67b52a,Fake raiden crowdsale - raidens.network,2017-10-23
609,0xb9AE74bEafE4025cC0fCfB5e190169F2D7F0b563,Fake artoken crowdsale - artoken.co,2017-10-23
610,0xe10C24cA7bf18640FcB35E059919348891922a3b,Fake storm crowdsale - stormtoken.site,2017-10-23
611,0xab215957873deadd9512fbde29e6c12bea1dd1a1,Fake Blockv crowdsale - block-v.io,2017-10-23
612,0x09faf25e57abd0a401bb5a2341d7f926c389f8d1,Fake Ripio crowdsale - ripiocerdit.network,2017-10-23
613,0x49311A81F5F5dF6C109599Ed5d7413d85b8bcA18,Fake Request crowdsale - request-network.net,2017-10-14
614,0x8374aa52Bf36EaBcA06E33c4163A081F53e39Aa3,Fake Request crowdsale - requestnetwork.live,2017-10-14
615,0x434E9F6A1ac134FDa3E7cEb3fd67c3D9B3518737,Fake Chronobank crowdsale - Slack dm by phisher,2017-09-24
616,0x17BD6f815fB71a77dc20E12177c4d763A3f67632,Fake cindicator.com crowdsale site - cindicator.pro,2017-09-24
617,0x3de08B35c0e7F255F37a5dace9BD8eb78e99e985,Fake Aragon crowdsale - Slack dm by phisher,2017-09-24
618,0xd92559E1F1d2E84F4964F45256693D03833D7D44,Fake Protos.tokenhub.com crowdsale site - on a fake site,2017-09-23
619,0x560644F0980300B31DCde7B5F78d0d53e375371F,Fake Chronobank.io crowdsale site - Slack dm by phisher,2017-09-21
620,0x37D0909CC7eC38F2d966092Ea3607F77bC6bc008,Fake eventchain.io crowdsale site - eventchain.co,2017-09-21
621,0x854b62b692aC8411C3a45463c44CBdAbAC2D6913,Fake kin.kik.com crowdsale site - kinkik.in,2017-09-20
622,0xB116D83C919d6661dc20246D312B702f0cDf297C,Fake real.markets crowdsale site - reall.markets,2017-09-20
623,0x62eE4A3C690C9660762c52BF1a232365C86C879B,Fake cobinhood.com crowdsale site - cobinhood.org,2017-09-19
624,0xFC74FB0D5df08EC546a3DA18CCc7FBcBe031F5D8,Fake icon.foundation crowdsale site - iconn.foundation,2017-09-19
625,0xfAd17C9da2beBF758e3BC0c99D1aBe8Af7e96eD1,Fake centra.tech crowdsale site - centra.vip,2017-09-19
626,0xabc490af011C8E354B7D2112648883fe9E511695,Fake smartcontract.com crowdsale site - smartcontract.live,2017-09-19
627,0xca4da1753336aa8340710e0E1a8c0BEE2bFbF56C,Fake icon.foundation crowdsale site - icon.community,2017-09-19
628,0xE9aa3A74E3D62274f221ECa42736cAdC14CcfFaF,Fake airtoken.com crowdsale site - HTTrack fingerprint,2017-09-19
629,0x9Aa722C9B6e63325797E1B2F8ff6873e44Dd17c1,Fake ChronoBank Token Last-Sale,2017-09-19
630,0xaff9e40f9b245b15a1d1bb45516ca213e682fa81,"Fake centra tech crowdsale site, paid google ad - centra.credit",2017-09-19
631,0xc0dED1d24c071ca13A905EC5E54A6Ffdd0c4dF68,Fake smartcontract crowdsale address - matchpool.co reopened last sale,2017-09-19
632,0x05E5061133f752EA565F40f1E755D9604C313bC9,Fake smartcontract crowdsale address - matchpool.co reopened last sale,2017-09-19
633,0x1c50139c266559b29d7cb27635e0da13bef76a09,Fake smartcontract crowdsale address - smartcontractlink.com,2017-09-18
634,0x7098c7113c2ecaf48baad07e598c74c2689a5795,"Scam (GNT, DNT, etc)",2017-09-16
635,0xe7cc576611C2dF800862DB667140A90cF9eC4b72,change bank dot org site,2017-09-15
636,0x8eE2Ba41EF59b5773e5909451e0b8BaD4E59A81b,Fake change bank crowdsale site,2017-09-16
637,0x34743FFA1f93e745668725e44EFEb3C50A237796,Fake change bank crowdsale site,2017-09-16
638,0x4da9608F15c504a2B5C46491d9CCF257c5E2FF71,Fake chainlink crowdsale site,2017-09-16
639,0x008f3Db10374099A11ec263415Cb88C952AbEEDc,Fake Kyber crowdsale site kybernet.network,2017-09-15
640,0x8b3b831d767FAD1ab0ad52A38777acb98630F8a7,Fake KIN crowdsale site kin.kikpro.co,2017-09-15
641,0x5e5d6f6706420f932d796c0f28a83b26dabcfd8d,Fake kyber crowdsale site - contract address auto-sending funds out,2017-09-14
642,0x1E75f03fF928BCA6c1692179679AFC0223d7824F,Fake change-bank.com crowdsale site,2017-09-14
643,0x395b53a4EF9736d698E86607047267f7F640fe34,"Pretending to be Bittrex support, giving advice on where to send funds on etherscan disqus (user: @disqus_9j8VnHO4sE)",2017-09-14
644,0x6ddfef85ecf643628254e5af7064e05b3c6b221e,"Pretending to be Bittrex support, giving advice on where to send funds on etherscan disqus (user: @disqus_9j8VnHO4sE)",2017-09-14
645,0x2D4498a2CF71F5b0946f0ebcfff97ca9D0cd5D04,Fake Engima token sale (engima-tokens.co),2017-09-13
646,0x48d0a447b1d7b9a89112578db4536032d3047b2e,Pretending to be Poloniex support on Etherscan Disqus (username: @poloniex) - asking for ETH to speed up support queries,2017-09-13
647,0x40B942240fEc55473388Cbf7DBCC5482e64b4367,Pretending to be Coinbase support on Etherscan Disqus (username: @coinbasesupport) - asking for ETH to speed up support queries,2017-09-13
648,0x7fBf068316C5806A62D549441ae82b00Fdb10dE1,Fake nexus social crowdsale site,2017-09-13
649,0x052f585fa599bfb4bed290ff30c057627ccd8059,Fake RedPulse crowdsale site (from coin.red-pulse.tech),2017-09-12
650,0xaD0C88F3313ABbce2185597E87A15f764e948A46,Fake KIN crowdsale site - kin-crowdsale.com,2017-09-12
651,0x3fcb2d173389b7cd8079ef8b439dbd92e7e0ae28,Atlant phishing - atlant.solutions,2017-09-06
652,0x3fcb2d173389b7cd8079ef8b439dbd92e7e0ae28,Aventus phishing - aventus.group,2017-09-06
653,0xc5d65deff5d1373f8b19aa8be528e9c3599013ba,KICKICO phishing - kickico.co,2017-08-29
654,0xc38d14bf89e0001260bb349a006d7e491e5f43ad,"Cloned decentraland site, phishing for ETH post ICO. - decentraland.pro",2017-08-18
655,0x3B0009071A0a9983E9AAb537FD8c9ad478310Aeb,"Cloned decentraland site, phishing for ETH post ICO. - decentraland.pro",2017-08-18
656,0x15577E328Dd6E17b7721c9ca4d00610D3Ce3762F,fake ICO address for 0x via Slack Bot / DM. Linked to 0x15577E328Dd6E17b7721c9ca4d00610D3Ce3762F / 0xtoken.com,2017-07-31
657,0xd0cc2b24980cbcca47ef755da88b220a82291407,myelherwallel.com wallet,2017-07-31
658,0xf0a924661b0263e5ce12756d07f45b8668c53380,"Ziber.io is now offline, this was their 'contract' address after their original one was suicide",2017-07-28
659,0xf0a924661b0263e5ce12756d07f45b8668c53380,"Ziber.io original contract address, called suicide after about 1000eth",2017-07-28
660,0xb3764761e297d6f121e79c32a65829cd1ddb4d32,MultiSigExploit-Hacker_main,2017-07-20
661,0xef0683bef79b7ad85573415c781edfde8bec65b1,MultiSigExploit-Hacker_main_2_a,2017-07-20
662,0x4de76b3dfd38292ba71cf2465ca3a1d526dcb567,MultiSigExploit-Hacker_main_2_b,2017-07-20
663,0x2d146aa23645950fdefbb23f636a5d1674fe1047,MultiSigExploit-Hacker_main_2_c,2017-07-20
664,0x5167052b83f36952d1a9901e0de2b2038c3dd1a3,MultiSigExploit-Hacker_main_2_d,2017-07-20
665,0x0b21fd643aaaf5af800af67e14ebf4886be20164,MultiSigExploit-Hacker_main_2_e,2017-07-20
666,0x6a14e385fff2f21abe425a07ce29842b7037a80d,MultiSigExploit-Hacker_main_2_f,2017-07-20
667,0x18345118bd04c405b4d74941563a21b5a2bf06b7,MultiSigExploit-Hacker_main_2_g,2017-07-20
668,0x474aa9c6f46dc6379c638690fd8f5ade22df5205,MultiSigExploit-Hacker_main_2_g-??,2017-07-20
669,0x25dc5894DB8eF7F7Ff7096eA73B890C1a188D549,FAKE_Coindash_1,2017-07-18
670,0x7da6955457b72fdd0e80709d704520ff85d79e39,FAKE_Coindash_2,2017-07-18
671,0x6a164122d5cf7c840d26e829b46dcc4ed6c0ae48,FAKE_Coindash_3,2017-07-18
672,0x41dfc5797c8043a2f4f7e7abf71291064e091fc6,PHISH_Scambots_1,7/18/17
673,0xc57f1148855e67763a694f7f2c0e68230adc686e,PHISH_Scambots_2,7/18/17
674,0x42c5459911ae51d1d005cbe39749bd8d8e533c22,PHISH_Scambots_3,7/18/17
675,0x5b67a30108e1a5f3d5a809d57e76cd16fdfde7a7,PHISH_Scambots_4,7/18/17
676,0xba83e9ce38b10522e3d6061a12779b7526839eda,PHISH_Scambots_5,7/18/17
677,0xaca33c43bd8deac8e1d144baa51fe9c7dd7b010f,PHISH_Scambots_6,7/18/17
678,0xa4fcbc4a0508b11d5ef34d41d72020a5def1c712,PHISH_Scambots_7,7/18/17
679,0x22eb0b23e5ad7ef827aff13b2e40ed63e277844e,PHISH_Scambots_8,7/18/17
680,0x7822b7b190604eaeb4dcaabd2dd5e1daafcb9d46,PHISH_Scambots_9,7/18/17
681,0x07425527076b4f73b5616716dda54fb14cf1219e,PHISH_Scambots_10,7/18/17
682,0x8e6be4cc78557cf3087b15963bf7139b0154e0e0,PHISH_Scambots_11,7/18/17
683,0xed2d26eed06ecfbfd796d1ec551d2a649a31e576,PHISH_Scambots_12,7/18/17
684,0x1D60606d8A09b5015D773A80b0C660Bb8d91809c,PHISH_Scambots_13,7/18/17
685,0x858457daA7e087ad74cDeeCEAb8419079bC2cA03,PHISH_Scambots_14,7/22/17
686,0x00e01a648ff41346cdeb873182383333d2184dd1,PHISH_Scambots_15 (Phishing2),7/22/17
687,0x66817272D39Da7fd4C552F430fC0B694e357c157,PHISH_Scambots_16,7/22/17
688,0x240e125c20a4cC84Bd6E7F8D1FD07Aff4c06D43d,FAKE_district0x_2,
689,0xadF5b0c2103598fb66a61714152F1d1717D49FE0,FAKE_Status_4 (contribute-status[.]im),
690,0x93D8d5Bb1F1E4822F3C614D9A09e7C5e3Fabc13a,FAKE_district0x_1,
691,0x0C9D1b3Ca852C67bbeabeEB51E9482A845d56868,FAKE_FundYourself,
692,0x0d979f9fFDD579D67C29531ccCba568D2172D0b0,FAKE_TenX_2,
693,0x122c7f492c51c247e293b0f996fa63de61474959,FAKE_StarbaseCrowdsale,
694,0x199eee5b6ca1aaf030c77f0b5c50e39908fd2072,FAKE_TenX_3,
695,0x285cFe87F4AD22228a625DCd1F64b2BC6b27ecff,FAKE_TenX_5,
696,0x3018A3EaB048a0a1c15003b383A181F089A039cC,FAKE_Status_3,
697,0x905475CbcA398e8Fee6E35bCb2f530a3474B78Ce,FAKE_OmiseGo_1,
698,0x9327cb34984c3992ec1EA0eAE98Ccf80A74f95B9,FAKE_Status_2,
699,0x944a3F5641d6FAf7a6AbDE4ec31e40d0929955eD,FAKE_DaoCasinoCrowdsale,
700,0xa8454096f4a18e0252b411f670b3dd9d21465e75,FAKE_Status_4,
701,0xaF70168cdAc454Fa9fF94E5458D450ae7EEB7ae8,FAKE_TenX_2,
702,0xbc85a12364c9e375801c00aad17b893fc4c8f5b6,FAKE_TenX_1,
703,0xc9f32ce1127e44c51cbd182d6364f3d707fd0d47,FAKE_Status_1,
704,0xEe2c2C2DCd952429147B62Fd4DcD7F565313E419,FAKE_AKASHA,
705,0xce52d38539e1e557f184f1073a59f69c9ba95f28,FAKE_Santiment_1,
706,0xdb82af76f9ccddfe9e8f7996492f4c5bd5f9d53d,FAKE_Santiment_2,
707,0xe112784753273eBEdE055968eCB78DCAD8fF6da2,FAKE_TenX_6,
708,0xeaB1d82E96541718e645fDef4A5ee9dF78605B76,FAKE_TenX_7,
709,0xed44fC770EAA76dB9AdE24d86CE3B409F4AeD009,FAKE_TenX_4,
710,0x36db23fd8e0fabb300ba95bfdf4a0f20b05eebfb,FAKE_Tezos,
711,0x66817272D39Da7fd4C552F430fC0B694e357c157,Comments on Etherscan are reporting funds being stolen and ending up at this address.,2017-07-19
712,0xd821dfb705333d2c16e0c0c0be75ce360cca566a,BitJob token sale scam site.,2017-09-12
713,0x21918461C6aecA5EAEc825B4746D64a0D4028dF6,Scam address of phishing email sent to leaked Everex investor database,2017-09-05
714,0xDdd6854A002A6fbcDF695385cD5ed630c9E27C3e,Scam address contacted Trust Wallet users in Telegram group depicting admin image and username,2018-10-25
